{
	"partitions" : [
		{
			"name" : "Top",
			"pins" : [
				{
					"name" : "HEX0[0]",
					"strict" : false
				},
				{
					"name" : "HEX0[1]",
					"strict" : false
				},
				{
					"name" : "HEX0[2]",
					"strict" : false
				},
				{
					"name" : "HEX0[3]",
					"strict" : false
				},
				{
					"name" : "HEX0[4]",
					"strict" : false
				},
				{
					"name" : "HEX0[5]",
					"strict" : false
				},
				{
					"name" : "HEX0[6]",
					"strict" : false
				},
				{
					"name" : "GPIO_1[0]",
					"strict" : false
				},
				{
					"name" : "GPIO_1[1]",
					"strict" : false
				},
				{
					"name" : "GPIO_1[2]",
					"strict" : false
				},
				{
					"name" : "GPIO_1[3]",
					"strict" : false
				},
				{
					"name" : "GPIO_1[4]",
					"strict" : false
				},
				{
					"name" : "GPIO_1[5]",
					"strict" : false
				},
				{
					"name" : "GPIO_1[6]",
					"strict" : false
				},
				{
					"name" : "GPIO_1[7]",
					"strict" : false
				},
				{
					"name" : "GPIO_1[8]",
					"strict" : false
				},
				{
					"name" : "GPIO_1[9]",
					"strict" : false
				},
				{
					"name" : "GPIO_1[10]",
					"strict" : false
				},
				{
					"name" : "GPIO_1[11]",
					"strict" : false
				},
				{
					"name" : "GPIO_1[12]",
					"strict" : false
				},
				{
					"name" : "GPIO_1[13]",
					"strict" : false
				},
				{
					"name" : "GPIO_1[14]",
					"strict" : false
				},
				{
					"name" : "GPIO_1[15]",
					"strict" : false
				},
				{
					"name" : "GPIO_1[16]",
					"strict" : false
				},
				{
					"name" : "GPIO_1[17]",
					"strict" : false
				},
				{
					"name" : "GPIO_1[18]",
					"strict" : false
				},
				{
					"name" : "GPIO_1[19]",
					"strict" : false
				},
				{
					"name" : "GPIO_1[20]",
					"strict" : false
				},
				{
					"name" : "GPIO_1[21]",
					"strict" : false
				},
				{
					"name" : "GPIO_1[22]",
					"strict" : false
				},
				{
					"name" : "GPIO_1[23]",
					"strict" : false
				},
				{
					"name" : "GPIO_1[24]",
					"strict" : false
				},
				{
					"name" : "GPIO_1[25]",
					"strict" : false
				},
				{
					"name" : "GPIO_1[26]",
					"strict" : false
				},
				{
					"name" : "GPIO_1[27]",
					"strict" : false
				},
				{
					"name" : "GPIO_1[28]",
					"strict" : false
				},
				{
					"name" : "GPIO_1[29]",
					"strict" : false
				},
				{
					"name" : "GPIO_1[30]",
					"strict" : false
				},
				{
					"name" : "GPIO_1[31]",
					"strict" : false
				},
				{
					"name" : "GPIO_1[32]",
					"strict" : false
				},
				{
					"name" : "GPIO_1[33]",
					"strict" : false
				},
				{
					"name" : "GPIO_1[34]",
					"strict" : false
				},
				{
					"name" : "GPIO_1[35]",
					"strict" : false
				},
				{
					"name" : "SW[9]",
					"strict" : false
				},
				{
					"name" : "CLOCK_50",
					"strict" : false
				},
				{
					"name" : "KEY[2]",
					"strict" : false
				},
				{
					"name" : "KEY[1]",
					"strict" : false
				},
				{
					"name" : "KEY[0]",
					"strict" : false
				},
				{
					"name" : "KEY[3]",
					"strict" : false
				}
			]
		}
	]
}